num_invocations, avg_runtime(s)
10, 4.958000
20, 6.842000
30, 8.568000
40, 10.524000
50, 12.186000
60, 13.700000
70, 15.582000
80, 17.880000
90, 19.768000
100, 21.814000
