num_functions, avg_runtime(s)
10, 8.456000
20, 9.028000
30, 9.938000
40, 10.926000
50, 12.572000
60, 13.652000
70, 15.102000
80, 15.946000
90, 17.964000
100, 19.576000
