num_invocations, avg_runtime(s)
10, 2.700000
20, 3.986000
30, 5.302000
40, 6.712000
50, 8.066000
60, 9.352000
70, 10.800000
80, 12.054000
90, 13.320000
100, 15.020000