num_invocations, avg_runtime(s)
10, 5.526000
20, 6.770000
30, 7.898000
40, 8.686000
50, 9.796000
60, 11.076000
70, 11.908000
80, 12.910000
90, 13.748000
100, 14.708000
