untrusted_percent, runtime(s), #_ocalls
0, 3.0051566, 1083
10, 0.8704138, 518
20, 0.7859148, 423
30, 0.763767, 403
40, 0.7417382, 383
50, 0.6962102, 288
60, 0.65682, 268
70, 0.6457516, 248
80, 0.5262478, 154
90, 0.4162058, 134
100, 0.2885734, 0