untrusted_percent, runtime(s)
0, 0.2771492
10, 0.2609974
20, 0.2455066
50, 0.1932136
60, 0.177336
70, 0.1590216
80, 0.1411776
90, 0.124704
100, 0.0848134